"","x","y"
"1",1.81819457694118,2.1280599778903
"2",2.018258799326,2.14541776181141
"3",2.29334710510511,2.15518250696443
"4",2.71848357767284,2.17428675325693
"5",2.76849963326904,2.18230503603856
"6",3.01857991125006,2.19787087127104
"7",3.31867624482728,2.22636010502028
"8",3.46872441161589,2.24550983763004
"9",3.79382877299121,2.29762867571065
"10",4.09392510656843,2.3261179094599
"11",4.31899735675134,2.35238995050697
"12",4.51906157913615,2.35993750295781
"13",4.44403749574185,2.2743333427583
"14",4.34400538454944,2.26810700866531
"15",4.06891707877033,2.25343714777715
"16",3.74381271739501,2.21112854116682
"17",3.41870835601968,2.17863016602676
"18",3.04358793904816,2.16263908678075
"19",2.86853174446145,2.1296699813099
"20",2.46840329969182,2.09004929773253
"21",2.29334710510511,2.0865108866725
"22",2.26833907730701,2.08740686101682
"23",2.19331499391271,2.05085385816869
"24",2.61845146648043,1.99147625269899
"25",2.89353977225955,2.05029215520338
"26",3.31867624482728,2.11354244311212
"27",3.6687886340007,2.14023972817272
"28",3.99389299537602,2.20707391345874
"29",4.24397327335704,2.23735509589663
"30",4.39402144014565,2.22707413409556
"31",4.24397327335704,2.1686834756047
"32",4.09392510656843,2.14953374299494
"33",3.89386088418362,2.07331457025217
"34",3.46872441161589,1.99044381940289
"35",3.06859596684626,1.9361077886201
"36",2.79350766106714,1.89691234905626
"37",2.71848357767284,1.86035934620812
"38",2.71848357767284,1.85054911473785
"39",2.89353977225955,1.83937217859246
"40",3.11861202244247,1.88526468258008
"41",3.29366821702918,1.92804401952121
"42",3.6187725784045,1.97035262613154
"43",3.84384482858741,2.04567582452999
"44",4.26898130115514,2.11383122817387
"45",4.41902946794375,2.18693723387014
"46",4.51906157913615,2.29617099840102
"47",4.66910974592476,2.36437188836216
"48",4.74413382931907,2.43035558562112
"49",4.76914185711717,2.51284657877414
"50",4.84416594051148,2.56411492882769
"51",4.86917396830958,2.60245988036447
"52",4.91919002390578,2.65952932049748
"53",4.99421410730009,2.70098743908075
"54",5.1692703018868,2.71924119734619
"55",5.36933452427161,2.72678874979703
"56",5.71944691344503,2.70443487750626
"57",5.99453521922415,2.71419962265927
"58",6.14458338601276,2.72353912379876
"59",6.31963958059947,2.76631846073988
"60",6.21960746940706,2.70123073782524
"61",6.34464760839757,2.67713040316309
"62",6.46968774738808,2.63831472129552
"63",6.59472788637859,2.58968880795767
"64",6.7197680253691,2.53125266314955
"65",6.64474394197479,2.5192252389771
"66",6.34464760839757,2.51035646816841
"67",5.94451916362795,2.47564090032617
"68",5.86949508023364,2.46361347615372
"69",5.99453521922415,2.47875406737267
"70",6.16959141381086,2.46757713122728
"71",5.76946296904124,2.35928482735798
"72",5.64442283005073,2.32942888893362
"73",5.51938269106022,2.29957295050927
"74",5.36933452427161,2.27551810216437
"75",4.94419805170388,2.22207804572591
"76",4.84416594051148,2.21094659589778
"77",4.51906157913615,2.18825845222799
"78",5.01922213509819,2.22429523842808
"79",5.44435860766591,2.26301994766113
"80",5.64442283005073,2.31961865746335
"81",5.86949508023364,2.3949418558618
"82",6.06955930261845,2.45644568139915
"83",6.34464760839757,2.49564112096299
"84",6.64474394197479,2.53394058618251
"85",6.7197680253691,2.59501916770634
"86",6.46968774738808,2.6235993740901
"87",6.24461549720517,2.71505011068633
"88",6.41967169179188,2.77744991056801
"89",6.46968774738808,2.82470911923074
"90",6.34464760839757,2.84390433815776
"91",6.21960746940706,2.87290978855506
"92",6.24461549720517,2.92597008729725
"93",6.34464760839757,2.96162711580107
"94",6.14458338601276,3.01294095217188
"95",6.06955930261845,3.04505956961567
"96",6.04455127482035,3.06557600690054
"97",5.79447099683934,3.10887156048971
"98",5.61941480225263,3.14947919104593
"99",5.44435860766591,3.18027659013187
"100",5.219286357483,3.22758128511186
"101",5.219286357483,3.26191709525782
"102",5.11925424629059,3.28512145557566
"103",5.01922213509819,3.32304116309891
"104",4.91919002390578,3.39039156503298
"105",4.76914185711717,3.44481856845029
"106",4.69411777372287,3.545608806186
"107",4.69411777372287,3.50146276456976
"108",4.76914185711717,3.58216180903414
"109",4.76914185711717,3.65083342932607
"110",4.66910974592476,3.73289917846555
"111",4.66910974592476,3.80647591449262
"112",4.74413382931907,3.88226984322185
"113",4.76914185711717,3.97457106784515
"114",4.84416594051148,4.03564964936897
"115",4.84416594051148,4.07979569098521
"116",4.84416594051148,4.14846731127714
"117",4.66910974592476,4.20379028903876
"118",4.66910974592476,4.27246190933069
"119",4.66910974592476,4.35584887682803
"120",4.69411777372287,4.44324498571619
"121",4.69411777372287,4.49229614306756
"122",4.51906157913615,4.42989634318588
"123",4.49405355133805,4.37193092870856
"124",4.41902946794375,4.30594723144959
"125",4.24397327335704,4.25335766303819
"126",4.19395721776083,4.22571891731601
"127",4.01890102317412,4.16822423316947
"128",3.81883680078931,4.1704869121889
"129",3.7188046895969,4.12992476794995
"130",3.7188046895969,4.10539918927426
"131",3.6437806062026,4.06394107069099
"132",3.49373243941399,4.04969645381636
"133",3.41870835601968,3.9837127565574
"134",3.39370032822158,3.97970361516658
"135",3.36869230042348,3.92173820068925
"136",3.39370032822158,3.88160130046383
"137",3.41870835601968,3.8659899789141
"138",3.7188046895969,3.80128201369573
"139",3.81883680078931,3.77807765337789
"140",4.09392510656843,3.73388612544439
"141",4.16894918996273,3.68705216079519
"142",4.31899735675134,3.64243538884816
"143",4.49405355133805,3.59201752682167
"144",4.49405355133805,3.59201752682167
"145",4.44403749574185,3.65757598006711
"146",4.26898130115514,3.70308872635846
"147",4.19395721776083,3.80878407982931
"148",4.56907763473236,3.85420585348614
"149",4.56907763473236,3.92778258951321
"150",4.56907763473236,4.04060025142137
"151",3.91886891198172,3.93636257526015
"152",3.6187725784045,3.88825287857035
"153",3.54374849501019,3.91546638027901
"154",4.09392510656843,4.02328795381751
"155",4.41902946794375,4.11955283351436
"156",4.51906157913615,4.21407125083983
"157",4.44403749574185,4.40315357180802
"158",4.44403749574185,4.50616100224591
"159",4.59408566253046,4.56455166073677
"160",4.76914185711717,4.62204634488331
"161",4.99421410730009,4.68755931181149
"162",5.34432649647351,4.73878217554778
"163",5.54439071885832,4.77085530667431
"164",5.79447099683934,4.82566206778788
"165",6.06955930261845,4.88447797029227
"166",6.24461549720517,4.91254196002799
"167",6.7447760531672,4.92895828328752
"168",7.19492055353303,4.96188190244111
"169",7.49501688711025,4.98056090472008
"170",7.84512927628367,4.93368145375362
"171",7.97016941527418,4.96353739217798
"172",8.47032997123621,4.94561790529155
"173",8.69540222141912,4.95717459913321
"174",8.92047447160204,4.93930059856404
"175",9.32060291637166,4.90534454611435
"176",9.64570727774698,4.87898153243276
"177",9.8707795279299,4.86110753186359
"178",10.1708758615071,4.82092514532091
"179",10.3459320560938,4.79993797770525
"180",10.5459962784786,4.78786506721554
"181",11.121180917835,4.71820649994477
"182",11.2212130290274,4.69500213962693
"183",11.621341473797,4.616900045561
"184",11.9214378073742,4.57181254328318
"185",12.1465100575571,4.53431807977347
"186",12.3215662521439,4.4740899862767
"187",12.5216304745287,4.42768126564103
"188",12.7467027247116,4.37056633919076
"189",12.9217589192983,4.32995870863455
"190",13.0467990582888,4.29604814250212
"191",13.1968472250774,4.25633648629023
"192",13.2218552528755,4.1769586601837
"193",13.2718713084717,4.1408309013491
"194",13.346895391866,4.11852251537558
"195",13.4469275030584,4.07569769211719
"196",13.3969114474622,4.04805894639501
"197",13.3719034196641,4.00971399485823
"198",13.6219836976451,3.95660820979878
"199",13.6219836976451,3.95170309406364
"200",13.6219836976451,3.90265193671227
"201",13.6219836976451,3.85850589509603
"202",13.7720318644337,3.84331981755982
"203",13.8720639756262,3.82502057297713
"204",13.9470880590205,3.80761730273875
"205",13.9720960868186,3.7772906339836
"206",13.9720960868186,3.75276505530791
"207",14.072128198011,3.73446581072522
"208",14.322208475992,3.69117025713604
"209",14.3972325593863,3.65905163969225
"210",14.322208475992,3.61268840537384
"211",14.2972004481939,3.59396391677761
"212",14.2221763647996,3.56231602966461
"213",14.1721603092034,3.55920286261811
"214",14.1471522814053,3.53066814255161
"215",14.1471522814053,3.49633233240565
"216",14.0471201702129,3.48029576684238
"217",13.9720960868186,3.47317345840507
"218",13.6970077810394,3.45850359751692
"219",13.596975669847,3.43265680048338
"220",13.3969114474622,3.38586832215143
"221",13.1218231416831,3.38591380846869
"222",13.1218231416831,3.38591380846869
"223",12.8717428637021,3.34582239456053
"224",12.5716465301249,3.32223827654642
"225",12.5216304745287,3.31912510949993
"226",12.4215983633363,3.25403738658529
"227",12.4215983633363,3.20498622923391
"228",12.4966224467306,3.13853180164416
"229",12.4966224467306,3.10419599149819
"230",12.4215983633363,3.05292764144465
"231",12.6966866691154,3.04797703939225
"232",12.8717428637021,3.02208475604145
"233",13.0217910304907,2.97746798409442
"234",13.1718391972793,2.95737679082308
"235",13.1718391972793,2.93775632788253
"236",13.2218552528755,2.92615414772361
"237",13.096815113885,2.87177263062356
"238",13.096815113885,2.87177263062356
"239",13.2718713084717,2.85569057874304
"240",13.596975669847,2.82442244932631
"241",13.5219515864527,2.76334386780249
"242",13.5469596142508,2.72320696757706
"243",13.5469596142508,2.69377627316624
"244",13.3719034196641,2.66080716769539
"245",13.3969114474622,2.61086003599969
"246",13.6219836976451,2.59298603543052
"247",13.6469917254432,2.54794401946996
"248",13.6469917254432,2.53813378799969
"249",13.4719355308565,2.5395004926748
"250",13.2218552528755,2.56317558332343
"251",13.096815113885,2.52841452916393
"252",13.2718713084717,2.49761713007799
"253",13.3969114474622,2.45880144821042
"254",13.5469596142508,2.41908979199853
"255",13.9971041146167,2.29995482336286
"256",13.7970398922318,2.37579423840936
"257",13.8720639756262,2.3485807367007
"258",14.3722245315882,2.26198962952235
"259",14.4222405871844,2.25529256509857
"260",14.6473128373673,2.21289298585371
"261",14.7223369207616,2.1905845998802
"262",14.7723529763578,2.15936195678073
"263",14.7723529763578,2.13974149384018
"264",14.9474091709445,2.08932363181369
"265",15.0224332543388,2.08173059304559
"266",15.1974894489255,2.04602807822451
"267",15.4475697269066,1.9978274089002
"268",15.5976178936952,1.97283109989372
"269",15.9227222550705,1.9170373918013
"270",16.0977784496572,1.89114510845051
"271",16.3978747832344,1.8607729533781
"272",16.4478908388306,1.82464519454349
"273",16.1978105608496,1.76983843342992
"274",16.1227864774553,1.75781100925747
"275",15.9477302828686,1.74446236672717
"276",15.8727061994743,1.69809913240876
"277",15.79768211608,1.69588193970658
"278",15.5225938103009,1.59782511132109
"279",15.8727061994743,1.64414285932224
"280",15.6976500048876,1.62098398532166
"281",15.4975857825028,1.58891085419514
"282",15.322529587916,1.56575198019456
"283",15.1724814211274,1.55641247905507
"284",14.8973931153483,1.5123119237561
"285",14.8973931153483,1.5123119237561
"286",14.6473128373673,1.47712562558307
"287",14.572288753973,1.47000331714576
"288",14.322208475992,1.44953236617815
"289",14.072128198011,1.42906141521054
"290",13.8970720034243,1.40099742547482
"291",13.7970398922318,1.37024551270614
"292",13.596975669847,1.35288772878503
"293",13.3719034196641,1.32661568773796
"294",13.2218552528755,1.3074659551282
"295",12.9967830026926,1.27628879834599
"296",12.8717428637021,1.27095843859732
"297",12.6716786413173,1.26831600188161
"298",12.2465421687495,1.24921175558911
"299",12.2465421687495,1.24921175558911
"300",11.9214378073742,1.22652361191933
"301",11.8214056961818,1.23501262503175
"302",11.4462852792103,1.21902154578575
"303",11.2962371124217,1.20477692891112
"304",11.0211488066426,1.19991729949325
"305",10.8460926120559,1.2061891199035
"306",10.4209561394881,1.21651556802182
"307",10.1708758615071,1.22547531146503
"308",10.0958517781128,1.21344788729259
"309",9.69572333334319,1.1983527823909
"310",9.57068319435268,1.18321219117196
"311",9.24557883297736,1.189954741913
"312",8.82044236040963,1.22971188444215
"313",8.72041024921722,1.23329578181944
"314",8.2952737766495,1.23871711420262
"315",7.92015335967797,1.27177719230799
"316",7.67007308169696,1.28073693575121
"317",7.36997674811974,1.29148862788306
"318",6.91983224775391,1.34195197622681
"319",6.7447760531672,1.38255960678303
"320",6.46968774738808,1.40713067177597
"321",6.16959141381086,1.36883120655645
"322",6.24461549720517,1.42990978808028
"323",6.54471183078238,1.46330413756466
"324",6.56971985858049,1.52126955204199
"325",6.89482421995581,1.59300885306315
"326",6.99485633114821,1.66300169171293
"327",7.06988041454252,1.72408027323676
"328",7.24493660912923,1.77176472591302
"329",7.34496872032164,1.8025166386817
"330",7.49501688711025,1.85109706570228
"331",7.69508110949506,1.89298042829909
"332",7.69508110949506,1.97146228006129
"333",8.04519349866848,2.01287491232731
"334",8.2952737766495,2.08730213638143
"335",8.2952737766495,2.12163794652739
"336",8.2952737766495,2.17068910387877
"337",8.3953058878419,2.23087171105827
"338",8.44532194343811,2.25360534104532
"339",8.62037813802482,2.29638467798645
"340",8.64538616582292,2.32982451378809
"341",8.89546644380393,2.34048523328542
"342",9.07052263839065,2.35873899155086
"343",9.29559488857356,2.37520080112766
"344",9.17055474958305,2.34043974696817
"345",9.07052263839065,2.29497248699407
"346",8.99549855499634,2.24860925267566
"347",8.74541827701533,2.1692769128864
"348",8.72041024921722,2.11131149840907
"349",8.69540222141912,2.09258700981284
"350",8.54535405463051,1.99986054117602
"351",8.47032997123621,1.94859219112247
"352",8.3953058878419,1.91203918827433
"353",8.3702978600438,1.87859935247269
"354",8.3702978600438,1.81973796365104
"355",8.2702657488514,1.78408093514722
"356",8.12021758206279,1.76002608680232
"357",7.97016941527418,1.72616100698715
"358",7.69508110949506,1.64772464154221
"359",7.69508110949506,1.62319906286652
"360",7.49501688711025,1.54207477438861
"361",7.36997674811974,1.48278814155343
"362",7.36997674811974,1.46807279434802
"363",7.26994463692733,1.41770041863879
"364",7.24493660912923,1.39897593004256
"365",7.06988041454252,1.3512914773663
"366",7.49501688711025,1.33605991351283
"367",7.49501688711025,1.33605991351283
"368",7.54503294270645,1.40293958511612
"369",7.62005702610075,1.44930281943453
"370",7.72008913729316,1.52910588955458
"371",7.94516138747607,1.61423931942331
"372",8.12021758206279,1.67173400356985
"373",8.2952737766495,1.71941845624611
"374",8.47032997123621,1.7965336033332
"375",8.57036208242861,1.8567162105127
"376",8.79543433261153,1.90260871450032
"377",8.97049052719824,2.00915455599824
"378",9.04551461059254,2.08004336899234
"379",9.24557883297736,2.12683184732428
"380",9.39562699976597,2.21955831596111
"381",9.57068319435268,2.29176834731306
"382",9.69572333334319,2.36086521161852
"383",9.69572333334319,2.45896752632127
"384",9.9207955835261,2.58824699780623
"385",9.9207955835261,2.63729815515761
"386",10.0208276947185,2.7220063410128
"387",9.9458036113242,2.75903007419173
"388",10.3459320560938,2.76922006335827
"389",10.871100639854,2.80436087521404
"390",10.8961086676521,2.85742117395623
"391",11.2962371124217,2.98042882503094
"392",11.3212451402198,3.03839423950827
"393",11.621341473797,3.12083974634403
"394",11.8214056961818,3.22158449776249
"395",11.9714538629704,3.27016492478307
"396",12.0964940019609,3.35397713629394
"397",12.7467027247116,3.41406877083893
"398",12.2465421687495,3.39765244757939
"399",11.9214378073742,3.39458476685016
"400",11.7463816127875,3.36652077711444
"401",11.371261195816,3.31619388772247
"402",11.1461889456331,3.27030138373485
"403",10.9461247232483,3.21860778966777
"404",10.7210524730654,3.16781016994501
"405",10.5459962784786,3.13484106447416
"406",10.4459641672862,3.08937380450007
"407",10.3459320560938,3.05862189173139
"408",9.99581966692041,3.0073990279951
"409",9.74573938893939,2.99673830849776
"410",9.49565911095837,2.96155201032474
"411",9.14554672178495,2.929949609529
"412",8.82044236040963,2.91216658159435
"413",8.3953058878419,2.90777768250727
"414",8.19524166545709,2.91494547726184
"415",7.77010519288936,2.94489238832071
"416",7.49501688711025,2.9743685690488
"417",7.24493660912923,2.98823342822715
"418",6.7697840809653,3.00525694076926
"419",6.94484027555201,3.01370046756442
"420",7.49501688711025,3.0136094949299
"421",7.97016941527418,3.00639621385807
"422",8.3702978600438,3.03130155023003
"423",8.99549855499634,3.06285846470851
"424",9.22057080517926,3.06951004281503
"425",9.47065108316027,3.12922191966374
"426",9.77074741673749,3.2116674264995
"427",9.8457715001318,3.26784089228819
"428",9.9458036113242,3.31330815226228
"429",9.8207634723337,3.41589033868664
"430",9.8457715001318,3.50328644757479
"431",9.8457715001318,3.56705295213158
"432",9.8457715001318,3.60629387801268
"433",9.9458036113242,3.64685602225163
"434",10.0208276947185,3.59021182613216
"435",10.0958517781128,3.51885228280727
"436",9.99581966692041,3.41452363401152
"437",9.9458036113242,3.35745419387852
"438",9.8457715001318,3.26784089228819
"439",9.69572333334319,3.15058884497567
"440",9.29559488857356,3.01777096243069
"441",9.99581966692041,3.05645018534648
"442",10.1958838893052,3.18172051544062
"443",10.646028389671,3.27350552341587
"444",11.2212130290274,3.39514646981547
"445",11.1962050012293,3.44018848577603
"446",11.3212451402198,3.52890581302203
"447",11.6713575293932,3.63408494984484
"448",11.7463816127875,3.57253563799022
"449",11.8464137239799,3.53461593046697
"450",12.3965903355382,3.48056868474594
"451",12.6716786413173,3.51485900857464
"452",13.0217910304907,3.50231536775414
"453",13.2718713084717,3.51788120298662
"454",13.6970077810394,3.53208033354398
"455",13.7720318644337,3.53920264198129
"456",13.9470880590205,3.62122290480352
"457",6.06955930261845,4.12909014708108
"458",6.06955930261845,4.12909014708108
"459",6.24461549720517,4.18167971549248
"460",6.06955930261845,4.21247711457842
"461",5.89450310803174,4.23346428219408
"462",5.69443888564693,4.24063207694865
"463",5.54439071885832,4.25581815448486
"464",5.44435860766591,4.24959182039187
"465",5.36933452427161,4.222849049014
"466",5.34432649647351,4.21393479188805
"467",5.1942783296849,4.20459529074857
"468",4.84416594051148,4.15337242701228
"469",5.46936663546402,4.22907538310699
"470",5.39434255206971,4.23176330613996
"471",5.1942783296849,4.27326691104049
"472",4.99421410730009,4.26081424285451
"473",4.74413382931907,4.25996375482745
"474",5.09424621849249,4.09045641048255
"475",5.1942783296849,4.10649297604581
"476",5.44435860766591,4.14167927421884
"477",5.61941480225263,4.12069210660318
"478",5.71944691344503,4.10729797775562
"479",5.81947902463744,4.10371408037833
"480",5.96952719142605,4.08852800284213
"481",6.06955930261845,4.06041852678915
"482",6.24461549720517,4.03452624343835
"483",5.94451916362795,4.02565747262966
"484",5.76946296904124,4.02211906156963
"485",5.51938269106022,4.0114583420723
"486",5.34432649647351,4.01773016248255
"487",5.219286357483,4.05164072861498
"488",5.46936663546402,4.06230144811231
"489",5.54439071885832,4.06451864081449
"490",5.71944691344503,4.05824682040424
"491",5.76946296904124,4.0956957975967
"492",5.39434255206971,4.08460983408583
"493",7.62005702610075,3.95581696008985
"494",7.84512927628367,3.98208900113692
"495",8.04519349866848,4.01416213226345
"496",8.2952737766495,4.02482285176079
"497",8.54535405463051,4.01586310831758
"498",8.64538616582292,3.98284851652947
"499",8.74541827701533,3.94492880900622
"500",8.99549855499634,3.91634860262245
"501",8.57036208242861,3.94629551368133
"502",8.44532194343811,3.95077538540294
"503",8.04519349866848,3.9553007434418
"504",8.04519349866848,3.97492120638235
"505",8.3202818044476,4.00921153021106
"506",9.14554672178495,3.98454949258359
"507",8.89546644380393,4.02784504617277
"508",8.57036208242861,4.09835410147059
"509",8.3202818044476,4.14164965505977
"510",8.12021758206279,4.16843791275489
"511",7.59504899830265,4.15782267957482
"512",7.41999280371594,4.13956892130938
"513",7.31996069252353,4.09900677707042
"514",7.31996069252353,4.04995561971905
"515",7.19492055353303,4.00047921835414
"516",7.19492055353303,3.96123829247304
"517",7.26994463692733,3.91440432782384
"518",7.26994463692733,3.89968898061842
"519",6.66975196977289,4.00457933237948
"520",7.09488844234062,4.10216543043418
"521",7.06988041454252,4.08834605757309
"522",6.7697840809653,3.9764698563265
"523",7.14490449793682,4.11508882895095
"524",7.41999280371594,4.18862007866075
"525",7.94516138747607,4.16980461743
"526",8.22024969325519,4.18447447831816
"527",8.72041024921722,4.16164987569659
"528",8.99549855499634,4.10274300055768
"529",9.24557883297736,4.0594474469685
"530",7.36997674811974,3.72442603251132
"531",7.41999280371594,3.70791873661727
"532",7.52002491490835,3.6552836818886
"533",7.54503294270645,3.61514678166318
"534",7.54503294270645,3.59552631872263
"535",7.36997674811974,3.58708279192747
"536",7.16991252573492,3.59915570241718
"537",6.94484027555201,3.64155528166203
"538",6.7697840809653,3.6625424492777
"539",6.7697840809653,3.67235268074797
"540",6.64474394197479,3.6277813951182
"541",6.46968774738808,3.58990717391221
"542",6.24461549720517,3.61268629021652
"543",5.96952719142605,3.6421624709446
"544",5.81947902463744,3.67696901142136
"545",5.81947902463744,3.73092528450787
"546",5.96952719142605,3.77950571152846
"547",6.04455127482035,3.84058429305228
"548",6.14458338601276,3.92529247890747
"549",6.16959141381086,3.97344766191453
"550",6.21960746940706,3.55962599147433
"551",6.11957535821466,3.60245081473271
"552",6.29463155280137,3.57165341564677
"553",6.54471183078238,3.55288344073328
"554",6.94484027555201,3.56797854563497
"555",7.09488844234062,3.56260269956904
"556",6.7697840809653,3.55953501883981
"557",7.92015335967797,3.38097695841717
"558",7.92015335967797,3.38588207415231
"559",8.02018547087038,3.33324701942365
"560",8.09520955426468,3.33055909639068
"561",7.62005702610075,3.39172865054903
"562",7.44500083151404,3.40290558669441
"563",7.06988041454252,3.41634520185923
"564",6.8448081643596,3.43912431816354
"565",6.59472788637859,3.43336871440134
"566",6.54471183078238,3.43516066308998
"567",6.31963958059947,3.4726551265997
"568",6.21960746940706,3.48114413971212
"569",5.79447099683934,3.4718501248899
"570",5.79447099683934,3.4718501248899
"571",5.96952719142605,3.44105272580396
"572",6.34464760839757,3.40799264769859
"573",6.54471183078238,3.40082485294402
"574",6.7697840809653,3.40747643105054
"575",6.99485633114821,3.39941266195165
"576",7.24493660912923,3.39045291850843
"577",7.44500083151404,3.14783956846726
"578",7.14490449793682,3.15859126059911
"579",6.7697840809653,3.20146157017476
"580",6.46968774738808,3.23183372524717
"581",5.99453521922415,3.21452142764331
"582",6.06955930261845,3.25107443049145
"583",6.46968774738808,3.28578999833368
"584",6.8448081643596,3.26744526743372
"585",7.34496872032164,3.23481043334188
"586",9.22057080517926,3.16270724178264
"587",9.39562699976597,3.24472750460487
"588",9.34561094416976,3.26613991623406
"589",9.34561094416976,3.3495268837314
"590",9.09553066618875,3.45658894187737
"591",8.92047447160204,3.56586819272551
"592",8.89546644380393,3.58638463001038
"593",9.17055474958305,3.46861636604982
"594",9.49565911095837,3.39320219501685
"595",9.64570727774698,3.30934449718872
"596",9.57068319435268,3.24336079992976
"597",8.92047447160204,2.98215942024413
"598",10.4459641672862,2.85392824921346
"599",10.2458999449014,2.8561909282329
"600",9.74573938893939,2.82505925776795
"601",9.49565911095837,2.80949342253547
"602",8.69540222141912,2.75968274979156
"603",8.49533799903431,2.80118635469209
"604",8.3202818044476,2.79274282789693
"605",7.97016941527418,2.78566600577688
"606",7.34496872032164,2.77372955423895
"607",7.34496872032164,2.77863466997408
"608",8.09520955426468,2.72232474523362
"609",8.09520955426468,2.72232474523362
"610",8.54535405463051,2.73562790144666
"611",9.17055474958305,2.71813365857376
"612",9.64570727774698,2.79921246073441
"613",8.99549855499634,2.73912082618942
"614",8.87045841600583,2.71907511923534
"615",8.54535405463051,2.67186139688987
"616",8.89546644380393,2.77213541797754
"617",8.97049052719824,2.82340376803108
"618",9.24557883297736,2.82826339744896
"619",10.9461247232483,3.96418538140869
"620",11.1962050012293,3.9061744806141
"621",11.5713254182008,3.88782974971414
"622",11.8964297795761,3.90070766191365
"623",12.0214699185666,3.96489941048397
"624",12.0714859741628,4.04158931355753
"625",11.0711648622388,4.07742828733038
"626",11.9714538629704,4.02555274799426
"627",11.9964618907685,4.06880281526618
"628",11.8464137239799,4.14285028162404
"629",11.6713575293932,4.23250906953163
"630",11.3962692236141,4.04616015791366
"631",11.7963976683837,4.05144503134506
"632",11.8464137239799,4.08889400853752
"633",10.8460926120559,4.22774041274827
"634",11.8464137239799,4.27038329073762
"635",11.7963976683837,4.42423382721552
"636",11.621341473797,4.45012611056632
"637",11.9714538629704,4.35419550224849
"638",12.0214699185666,4.31316262767874
"639",11.4963013348065,4.21425531126619
"640",11.0461568344407,4.19604703931801
"641",10.2959160004976,3.64902772863655
"642",10.3709400838919,3.661055152809
"643",10.4709721950843,3.73595310719391
"644",10.5209882506805,3.76849696865123
"645",10.3709400838919,3.83273420353881
"646",10.2959160004976,3.88937839965829
"647",10.1708758615071,3.93800431299614
"648",10.1708758615071,3.99686570181779
"649",10.1958838893052,4.04011576908971
"650",10.1958838893052,4.04992600055998
"651",10.1208598059109,4.14581112256056
"652",10.0958517781128,4.16632755984543
"653",9.8457715001318,4.28810496519681
"654",9.69572333334319,4.3278166214087
"655",9.69572333334319,4.43082405184659
"656",9.69572333334319,4.45534963052228
"657",9.67071530554508,4.52982234089367
"658",9.49565911095837,4.57533508718502
"659",9.07052263839065,4.62980757691958
"660",8.49533799903431,4.64550987110383
"661",8.22024969325519,4.65536558889137
"662",7.92015335967797,4.68083262822864
"663",7.69508110949506,4.65946570291671
"664",7.49501688711025,4.65191815046586
"665",7.19492055353303,4.67248007406799
"666",6.99485633114821,4.67964786882257
"667",6.8198001365615,4.68591968923281
"668",6.59472788637859,4.7185090370074
"669",6.16959141381086,4.73374060086086
"670",5.86949508023364,4.70034625137648
"671",5.56939874665642,4.65223655468668
"672",5.34432649647351,4.63577474510989
"673",4.94419805170388,4.59124894579738
"674",4.84416594051148,4.51144587567732
"675",10.7960765564597,3.66544405189608
"676",11.0211488066426,3.5936137782404
"677",11.5713254182008,3.51994606957882
"678",11.2962371124217,3.62790410206911
"679",11.2212130290274,3.68454829818858
"680",10.9711327510464,3.74746431471831
"681",10.8460926120559,3.81571069099671
"682",10.7210524730654,3.90357753021565
"683",10.6210203618729,3.96111770067945
"684",11.5713254182008,3.74067627766001
"685",11.7963976683837,3.72280227709084
"686",11.9964618907685,3.67148844072004
"687",12.1465100575571,3.64158701597842
"688",12.596654557923,3.56659808895898
"689",12.9967830026926,3.62093411974177
"690",12.7717107525097,3.64861835178121
"691",12.4466063911344,3.7142222913439
"692",12.6716786413173,3.71596875371529
"693",12.7467027247116,3.7623319880337
"694",12.4215983633363,3.83284104333153
"695",12.1465100575571,3.84269676111906
"696",13.3719034196641,3.60749450457695
"697",13.7970398922318,3.69036525542624
"698",13.4469275030584,3.72743447492242
"699",13.096815113885,3.75469346294834
"700",13.0217910304907,3.77209673318671
"701",12.846734835904,3.79308390080238
"702",13.1718391972793,3.80596181300189
"703",13.2718713084717,3.84652395724084
"704",13.2718713084717,3.9201006932679
"705",12.2215341409514,3.99206742587536
"706",12.4215983633363,3.97999451538565
"707",12.4215983633363,3.97999451538565
"708",13.2218552528755,3.90227217901599
"709",12.6216625857211,3.97773183636622
"710",12.846734835904,3.98438341447274
"711",13.0467990582888,4.03117189280468
"712",12.9967830026926,4.10163546178525
"713",12.4215983633363,4.2988270381696
"714",12.5216304745287,4.25109709917608
"715",12.6716786413173,4.20648032722905
"716",12.6216625857211,4.15922111856631
"717",12.4466063911344,4.13606224456574
"718",12.346574279942,4.13474102620788
"719",10.2959160004976,4.33083881582068
"720",10.5459962784786,4.2875432622315
"721",10.6960444452673,4.28216741616557
"722",11.121180917835,4.28165119951752
"723",11.2962371124217,4.32443053645865
"724",11.371261195816,4.3756988865122
"725",10.9461247232483,4.45469695492245
"726",10.4459641672862,4.4628062103386
"727",10.3709400838919,4.47530436484184
"728",10.4709721950843,4.56982278216731
"729",10.5960123340748,4.57024802618084
"730",10.8961086676521,4.54478098684357
"731",11.0461568344407,4.58355118239388
"732",10.871100639854,4.63887416015551
"733",8.09520955426468,2.36425129656857
"734",7.69508110949506,2.29519991858037
"735",7.59504899830265,2.26935312154683
"736",7.44500083151404,2.23058292599652
"737",7.26994463692733,2.2270445149365
"738",7.06988041454252,2.16554068939914
"739",6.99485633114821,2.0505058347888
"740",7.01986435894631,2.01036893456338
"741",6.99485633114821,1.91806770994009
"742",6.91983224775391,1.87170447562167
"743",6.8448081643596,1.84005658850868
"744",6.8198001365615,1.81642698417731
"745",6.7197680253691,1.78567507140863
"746",6.64474394197479,1.77364764723618
"747",6.54471183078238,1.7428957344675
"748",6.34464760839757,1.7010123718707
"749",6.34464760839757,1.69610725613556
"750",6.04455127482035,1.58913617062412
"751",5.69443888564693,1.6262053901203
"752",5.64442283005073,1.67704849616032
"753",5.51938269106022,1.74529487243872
"754",5.36933452427161,1.78500652865061
"755",5.51938269106022,1.60795163185486
"756",5.54439071885832,1.53347892148348
"757",5.61941480225263,1.50626541977483
"758",5.76946296904124,1.46655376356293
"759",5.81947902463744,1.40590042605264
"760",5.11925424629059,1.60757187415859
"761",5.11925424629059,1.65662303150997
"762",5.11925424629059,1.70076907312621
"763",5.11925424629059,1.764535577683
"764",4.86917396830958,1.78330555259649
"765",4.84416594051148,1.71062479091374
"766",4.84416594051148,1.63214293915154
"767",4.99421410730009,1.59243128293965
"768",5.01922213509819,1.56700972991964
"769",5.04423016289629,1.51706259822394
"770",4.84416594051148,1.53894574018393
"771",4.61909369032856,1.56172485648823
"772",4.39402144014565,1.56488350985199
"773",4.39402144014565,1.60412443573309
"774",4.34400538454944,1.70401869912448
"775",4.41902946794375,1.73566658623748
"776",4.59408566253046,1.79806638611916
"777",4.66910974592476,1.82480915749702
"778",5.2943104408773,2.10652697446752
"779",5.2943104408773,2.06238093285128
"780",5.34432649647351,2.02625317401667
"781",5.39434255206971,2.02446122532803
"782",5.54439071885832,2.08285188381889
"783",5.81947902463744,2.07790128176649
"784",6.11957535821466,2.13091609419143
"785",6.16959141381086,2.16836507138388
"786",6.41967169179188,2.22317183249746
"787",6.49469577518618,2.22538902519963
"788",6.24461549720517,2.35207154628615
"789",6.06955930261845,2.31419732508016
"790",6.06955930261845,2.31419732508016
"791",6.99485633114821,2.36443324183761
"792",7.16991252573492,2.39740234730846
"793",7.34496872032164,2.41075098983876
"794",7.49501688711025,2.42009049097825
"795",7.19492055353303,2.46027287752093
"796",7.16991252573492,2.45135862039498
"797",7.06988041454252,2.41570159189116
"798",4.26898130115514,1.86367032568185
"799",4.26898130115514,1.87348055715212
"800",4.16894918996273,1.84763376011858
"801",4.19395721776083,1.82711732283371
"802",4.16894918996273,1.79858260276721
"803",3.6187725784045,1.81338892260714
"804",3.7188046895969,1.82942548817041
"805",3.96888496757792,1.76650947164068
"806",3.96888496757792,1.73217366149472
"807",3.91886891198172,1.70453491577253
"808",3.6187725784045,1.72019172363953
"809",3.31867624482728,1.78980480459303
"810",3.21864413363487,1.80810404917573
"811",8.49533799903431,2.55102545220007
"812",8.87045841600583,2.4394835223325
"813",8.69540222141912,2.48990138435899
"814",9.07052263839065,2.48627200066444
"815",9.09553066618875,2.4951862577904
"816",9.14554672178495,2.56697104512882
"817",9.32060291637166,2.65880153942132
"818",9.32060291637166,2.65389642368618
"819",8.92047447160204,2.57012969849257
"820",8.74541827701533,2.60583221331365
"821",8.2952737766495,2.62195975151143
"822",8.02018547087038,2.67105639518007
"823",7.67007308169696,2.70322049894112
"824",9.52066713875648,4.00544568756473
"825",9.39562699976597,3.93634882325927
"826",9.64570727774698,3.94210442702147
"827",9.8707795279299,3.92423042645231
"828",9.52066713875648,4.03487638197556
"829",9.69572333334319,4.0923710661221
"830",9.8707795279299,3.97328158380368
"831",9.99581966692041,3.9982324064929
"832",9.8707795279299,4.08609924571185
"833",9.77074741673749,4.19759568926216
"834",9.49565911095837,4.25650256440107
"835",9.49565911095837,4.22216675425511
"836",9.59569122215078,4.14500612085076
"837",9.64570727774698,4.18245509804322
"838",10.7960765564597,4.1363351624693
"839",10.4209561394881,4.11543896748815
"840",10.3459320560938,4.11812689052112
"841",10.7710685286616,4.13723113681362
"842",10.646028389671,4.17604681868119
"843",11.4462852792103,4.10322959804667
"844",11.4712933070084,4.11214385517262
"845",11.2212130290274,4.1554394087618
"846",11.5463173904027,4.22717870978296
"847",11.621341473797,4.24411124969054
"848",12.0714859741628,4.41928322516313
"849",11.8464137239799,4.48620838308367
"850",11.7463816127875,4.52903320634206
"851",12.4215983633363,4.37240377419666
"852",12.596654557923,4.29255521775935
"853",12.6966866691154,4.27916108891179
"854",13.0467990582888,4.18323048059395
"855",13.1718391972793,4.13950968299124
"856",12.8717428637021,4.08158975483117
"857",12.7967187803078,4.05484698345331
"858",12.3215662521439,4.03753468584945
"859",12.3215662521439,3.95414771835211
"860",12.5216304745287,3.92735946065699
"861",12.8717428637021,3.93443628277704
"862",13.8720639756262,3.72691825827437
"863",13.82204792003,3.68946928108191
"864",13.2218552528755,3.74530847549159
"865",12.2465421687495,3.83420774800664
"866",10.9461247232483,2.21305906396456
"867",11.4963013348065,2.37974202632472
"868",11.6463495015951,2.47737361069668
"869",11.7463816127875,2.51793575493563
"870",11.2462210568255,2.4230375799139
"871",11.7213735849894,2.61693404398271
"872",11.9214378073742,2.76672995275254
"873",12.0964940019609,2.92723206733697
"874",11.8214056961818,2.77031385012983
"875",11.621341473797,2.63032817283027
"876",11.0461568344407,2.49397187922526
"877",11.2962371124217,2.67631164945241
"878",11.6463495015951,2.86487775377255
"879",10.7960765564597,2.56669812722526
"880",11.621341473797,2.51260539518697
"881",12.346574279942,2.72206769448825
"882",11.9714538629704,2.39705432392858
"883",11.0711648622388,2.16933826636185
"884",10.8460926120559,2.0940150679634
"885",10.2458999449014,1.93402917002703
"886",10.4459641672862,2.1672120462942
"887",10.9461247232483,2.48284042939713
"888",10.0958517781128,2.05712779373626
"889",9.24557883297736,1.6853714311619
"890",10.2458999449014,1.77706546650262
"891",11.1962050012293,1.83131052465089
"892",11.9964618907685,1.97431839636242
"893",12.3965903355382,2.14637720478851
"894",12.8717428637021,2.35008390032759
"895",12.1715180853552,2.1152000480063
"896",11.5463173904027,1.94139477720883
"897",10.1958838893052,1.6660397532831
"898",9.77074741673749,1.54392807655271
"899",9.17055474958305,1.48204449331908
"900",9.59569122215078,1.515864086817
"901",11.6713575293932,1.49545448932484
"902",12.7717107525097,1.63752090037479
"903",14.2221763647996,1.80628459648534
"904",14.4972646705787,1.8601953832546
"905",14.8973931153483,1.85567002521573
"906",13.0217910304907,1.79533509192625
"907",11.9964618907685,1.6456756421082
"908",10.2458999449014,1.48275852239436
"909",8.54535405463051,1.31804945399189
"910",10.3709400838919,1.36055587302945
"911",12.6716786413173,1.39094389526005
"912",13.6970077810394,1.50136241919701
"913",14.5972967817711,1.63097616206098
"914",15.2475055045217,1.87746219454119
"915",15.072449309935,1.8395879733352
"916",13.5469596142508,1.6980377789333
"917",11.9964618907685,1.6064347162271
"918",10.5459962784786,1.56520402923012
"919",10.2709079726995,1.5799648627528
"920",12.4215983633363,1.72364127722235
"921",13.0217910304907,1.94739367971552
"922",13.2968793362698,2.12883747559835
"923",13.1968472250774,2.29429019223518
"924",13.2968793362698,2.36918814662009
"925",14.2471843925977,1.99668813581139
"926",13.5219515864527,2.17472997958597
"927",13.3969114474622,2.20864054571841
"928",12.9967830026926,2.40446541742764
"929",12.9967830026926,2.57614446815746
"930",12.9467669470964,2.72999500463536
"931",12.7467027247116,2.84507534556296
"932",12.5216304745287,2.96105166083488
"933",12.4966224467306,2.98647321385489
"934",12.2465421687495,3.08863015626572
"935",11.9714538629704,3.16715749434518
"936",12.0214699185666,3.10159904109975
"937",12.0214699185666,3.08688369389434
"938",11.8464137239799,3.04410435695321
"939",11.8214056961818,3.02537986835698
"940",11.6713575293932,2.99641990427695
"941",11.3212451402198,2.87652542024873
"942",11.2962371124217,2.8578009316525
"943",11.0711648622388,2.79228796472433
"944",10.7960765564597,2.71875671501452
"945",10.7210524730654,2.67239348069611
"946",10.646028389671,2.66036605652366
"947",10.5209882506805,2.62069988662903
"948",10.2709079726995,2.59532381992628
"949",12.346574279942,2.95751324977486
"950",12.1715180853552,2.87549298695263
"951",11.7963976683837,2.72706378285791
"952",11.4712933070084,2.63079890316106
"953",11.121180917835,2.55505046074908
"954",10.646028389671,2.49359212152898
"955",10.3709400838919,2.44949156623001
"956",9.8707795279299,2.36930873841368
"957",12.3965903355382,2.73499109300502
"958",12.2215341409514,2.65297083018279
"959",11.6713575293932,2.45685717341181
"960",10.6960444452673,2.34464670078621
"961",10.4459641672862,2.30946040261319
"962",9.22057080517926,2.05905620137668
"963",9.99581966692041,2.10976284846492
"964",10.6210203618729,2.24432719338129
"965",12.4215983633363,2.42997794308217
"966",12.4966224467306,2.44200536725462
"967",11.4963013348065,2.16391693397866
"968",11.0211488066426,2.10736371049371
"969",10.2959160004976,1.9861934944249
"970",9.74573938893939,1.89799238382694
"971",9.42063502756407,1.86549400868688
"972",9.8207634723337,1.82663284050205
"973",10.4459641672862,1.9072409123319
"974",11.371261195816,1.98200240776504
"975",11.8214056961818,2.05907206853487
"976",12.4215983633363,2.12586076750364
"977",12.5716465301249,2.19896677319991
"978",12.6966866691154,2.2729687532405
"979",11.8214056961818,2.19641530911872
"980",12.4966224467306,2.4272900200492
"981",12.6716786413173,2.63684329198501
"982",12.4215983633363,2.13076588323877
"983",12.2215341409514,2.02021090035004
"984",11.2462210568255,1.86385438610821
"985",9.77074741673749,1.75975316889876
"986",9.32060291637166,1.74645001268572
"987",10.2959160004976,1.71150701325719
"988",11.4963013348065,1.73226674928655
"989",12.5716465301249,1.81636774585917
"990",13.0467990582888,1.95140282110634
"991",13.8720639756262,2.11804029714923
"992",13.9470880590205,2.18892911014334
"993",12.4966224467306,1.83867613183269
"994",11.7463816127875,1.76254793172444
"995",11.1461889456331,1.67613876981513
"996",9.67071530554508,1.63089894142733
"997",9.39562699976597,1.56227280745267
"998",8.19524166545709,1.43360052525028
"999",8.14522560986089,1.43539247393892
"1000",9.04551461059254,1.38842205033794
